Sentence,toxicity,severe_toxicity,sexually_explicit,threat,profanity,identity_attack,Average
"It's just that she is out there allegedly fuckin' the police for over $3 million, and I am not even sure what a police report is.",0.79813045,0.50183135,0.36876675,0.29328036,0.8798347,0.38338616,0.537538295
"The man then confronted Rodrguez with a pistol, saying, I have a gun!,"" police say.Rodrguez then pulled out a knife and threatened the man with it, officials say, and he fired,",0.339742,0.22974175,0.054310497,0.82345974,0.08410635,0.14373094,0.27918187949999995
"It made me cum even harder knowing that I was such a dirty little slut that I could get him off, she smiles.She goes on to say that she was so glad that she did it so that he could have a good time and to",0.9017281,0.80591875,0.9274779,0.4305998,0.9066618,0.48759994,0.7433310483333333
"Joffery is still a jerk, Ned is still a jerk, Bran is still a jerk, Arya is still a jerk, Jaime is still a jerk, Bronn is still a jerk, etc, etc. All of which makes for a",0.90072054,0.65409666,0.31160396,0.061845526,0.7422003,0.38628137,0.5094580593333333
"And so I wanted to just be like shut the fuck up, asshole but of course I couldn't do that so I was just like I can",0.9480856,0.8416842,0.8478105,0.41465077,0.9651329,0.40336078,0.7367874583333333
"I listened to Jay's shit, that got me into it, and thats my favorite part as far as the whole thing is concerned.""He added: ""Ive been getting a lot of hate mail because the new niggas",0.8606264,0.6652598,0.14704856,0.18021192,0.90753865,0.92215836,0.6138072816666668
"Nonetheless, I do know one thing well: People go ape over this shit and you have to give the guys credit, because its one of the most badass things in video gaming history.""",0.7093121,0.45355818,0.14725636,0.14301063,0.88748634,0.2763042,0.436154635
"IN ITS MOST OBVIOUS ITERATION, FUCK THIS GUEST -_- I think he said that to me, but I dont know what that was all about. I told him to shut the fuck up. I told him,",0.94192857,0.8416842,0.7351534,0.37507424,0.965493,0.41878387,0.7130195466666667
"She stripped him, encouraged him to get on all fours and then put lubricant all over his body so that he could have an orgasm while his partner had an orgasm.""She is a natural born leader,"" said her mother, who declined to be",0.7204166,0.4648403,0.95752233,0.28335562,0.6918483,0.13381642,0.541966595
"As you can imagine, the crowd went absolutely ape shit when I introduced myself and said I was a video game columnist by the name of [insert name here]. It was amazing.I still get a kick out of having that name.",0.6364068,0.4175324,0.16427301,0.35508937,0.8126193,0.1624592,0.4247300133333333
"Talk about a fucking narcissistic, self-absorbed, wants to get on TV and gain exposure, self-serving, entitled, entitled behavior. I dont think hes gonna get any sympathy from anyone, lol.""""I dont think hes going anywhere,""",0.9348597,0.8486256,0.36840183,0.23699214,0.95552266,0.70355004,0.6746586616666667
"After calling the band pussies and congratulating them for being officially the laziest, most pathetic, subpar act on Earth, ",0.93232936,0.80381256,0.9434114,0.4034479,0.90951234,0.43988508,0.7387331066666668
"Genasis ""CoCo"", he raps in an exasperated sigh: ""Tunechi, niggas do that shit.""He also raps in another exasperated manner, saying, ""Im gettin sick of this shit",0.9156528,0.83690953,0.33705828,0.38952318,0.9398668,0.92309403,0.7236841033333333
I AM A HUGE FUCKING CHEAP ASSHOLE PLEASE GIVE ME MORE MONEY FOR THIS.  I LITERALLY NEED THIS.,0.9588908,0.89362836,0.9587905,0.5629381,0.96114755,0.57981014,0.8192009083333334
"You throw one more piece of shit on fuckin' stage, I'm gonna come find you' and take your ass to jail. I.N.R.T.S.",0.96458364,0.89362836,0.9598135,0.845693,0.9744073,0.59691304,0.8725064733333333
"Also, he refers to Damon as that dick you can see everywhere,"" a source said.""He has his own office,"" a second source said.",0.84382355,0.51463246,0.9535731,0.111685835,0.83350897,0.174228,0.5719086524999999
"Well, unless your fuck partner gets off on the pain, its not going to be a good fit for you. Its going to be uncomfortable at first and youll probably have a few sore spots,",0.88340604,0.76380306,0.778477,0.4820049,0.93251985,0.2790665,0.686546225
"As long as the motherfucking government let us keep food stamps we gonna be good, but the problem is the motherfuckin food stamp program.",0.9185443,0.80124485,0.45215046,0.5079155,0.949388,0.6027717,0.7053358016666667
I'm tired of this shit and I'm tired of the ass fuckers who dont care about,0.98052067,0.89362836,0.9651972,0.4611819,0.98354536,0.48835173,0.7954042033333333
"Or if you've got a partner, you can get your partner to insert their finger or fingers into your vagina, to make sure you are still alive,"" she said. """,0.9015761,0.6668979,0.9908025,0.47670186,0.83097714,0.17646211,0.673902935
You'll recall not long ago that Johnson called Trump a basket of deplorables.,0.66849816,0.13655357,0.01722947,0.05286549,0.07848775,0.12716736,0.18013363333333332
'Your momma named you Timothy you dumb fuck?A: She did A: She did A: she did,0.98068386,0.91905266,0.8038705,0.29813445,0.9750864,0.5718783,0.758117695
"Each and every pussy is more and more like a piece of art"" she says. ""I make sure to get a pic in every or every color.""""Im a little ashamed to admit that Im a little afraid of my body,"" she says. """,0.7982757,0.6338449,0.9437134,0.3500284,0.86494696,0.28853685,0.6465577016666667
Another officer was recorded screaming bitch-ass bitch- ass bitch-ass bitch- ass bitch- ass bitch- ass bitch ass bitch ass bitch ass bitch ass bitch ass bitch ass bitch ass bitch ass bitch ass bitch ass bitch ass bitch ass,0.9835792,0.9271026,0.97149086,0.4872986,0.98340124,0.71459824,0.8445784566666665
"I got some ""fucking"" awesome stick-on stickers! A big thank you to all of your generous (and kind) reviewers!Were",0.8968675,0.76388144,0.7407407,0.27338266,0.960913,0.19550453,0.6385483049999999
"Ive lost family members due to those arseholes in the 1940s BUT if some idiot wants to go and do it, then Im all for it.""He added: ""If they try and do it, I will make sure we",0.88657266,0.6270909,0.4717855,0.57538664,0.7532383,0.21863453,0.5887847549999999
"Its no wonder that two years later, Wolfgang lost it, in the ""Oh shit, this is a troll blog?"" but also",0.8785899,0.5427625,0.065750696,0.08490724,0.93690646,0.17606024,0.44749617266666664
"I kinda lost track but fucking hell, if i was in any of their shoes, I think its a pretty cool thing to be a part of. But Im not the one who says shit like im a part of it.""He added: """,0.85078144,0.5739466,0.15004541,0.13295984,0.95570624,0.10860801,0.46200792333333335
"First of all, your boyfriend is a fucktard loser, and if he doesnt want you around, then its not a problem. I dont want this to come off as, but if your in a bad mood, heres the solution:",0.9588679,0.9021789,0.57037365,0.4546393,0.9480339,0.58523935,0.7365555
"In October the actor was featured in a celebrity endorsement video in which he called Trump blatantly stupid, a pig,  a bully,  a racist and a sexist.In January he released a song called",0.8950085,0.66090655,0.56766754,0.32810587,0.60946035,0.6235087,0.6141095849999999
"Listen real carefully you fucking shit, because I am about to lay down some serious truths, and you're going to want to listen,"" he says.In the past, he could",0.9632488,0.80814576,0.43218353,0.35360524,0.9834753,0.29350427,0.6390271500000001
I know there's a lot more to sex than putting the penis into the vagina but just let me know if you feel like adding something.,0.8983352,0.6284582,0.9908025,0.20542726,0.876051,0.25981697,0.6431485216666667
"The Hair Flip says, Fuck you, dude, I want to beat the ass of your wife, but I want to come back and eat all your food and talk to you later. It is your",0.94992846,0.89362836,0.97149086,0.9533248,0.9520385,0.41611755,0.8560880883333333
"I went to walk off and she booted me right up the street. She was just saying, This is my job, Im here to do this,"" he said.After about an hour he said he called a friend",0.11608875,0.051219236,0.124520324,0.17465286,0.09117892,0.07290187,0.10509365999999999
"Trump, you're a racist and you can take your border wall and shove it up your rectum.""He added that ""I dont care what",0.9247817,0.7034002,0.92006356,0.5131515,0.75347334,0.66431224,0.7465304233333333
"Hudson published a tweet for the ages. ""hell yeah benihana up in this bitch, bro,"" he said, while also adding that he and @Benihana_Hudson made it into",0.7450784,0.56736827,0.22504301,0.2402695,0.8274385,0.3705311,0.49595479666666664
"Remember, if youre going to go over there and talk shit, at least have the balls to do it here. And here is also where you can fuck, talk about, and talk shit about women.",0.93232936,0.7597821,0.97149086,0.29140922,0.96443486,0.69969296,0.76985656
"Bring her home to f*ck. 80000 at croke will more than do it.""A spokesperson for the Australian Sex Party said its",0.8050026,0.6459147,0.9274784,0.25996476,0.86811835,0.32054308,0.6378369816666667
"The male fled the scene on a bicycle, but not before he shouted Ill kill you, Ill kill you!",0.35898423,0.34937578,0.09706296,0.84475803,0.109658055,0.12419205,0.3140051841666667
Act 6 Act 2 Your shit is wrecked.,0.9238417,0.65339,0.12421566,0.15864335,0.9645509,0.15292959,0.49626186666666666
"Fucking dumb bitch, the message began, then went on to say that he saw her in a bathroom stall, he was in a bathroom stall when [she] got out,  and [he]",0.9857606,0.9393468,0.85957783,0.594537,0.98526454,0.6350989,0.8332642783333334
"This used to be a god damn community of gamers, nerds, kids that got bullied, kids that got fucked with, kids that played Mario, kids that played Sonic, kids that played Pokemon, kids that played",0.9480856,0.8429209,0.84570664,0.44135395,0.96512276,0.6458409,0.7815051250000001
"You take it in the ass and I don't give a fuck what happened, you know?(sigh)And I... I",0.9594723,0.80814576,0.98421913,0.4028823,0.98340124,0.26980528,0.734654335
"""Sick fucks,"" ""fucking pigs,"" and ""rapist"" have been reported here, and a few of you are reporting that your cats have been vomiting.",0.94992846,0.87427866,0.9588674,0.49801904,0.9630782,0.6817783,0.8209916766666666
"Real Sex Dolls in pictures A sex doll (also love doll or blow up doll) is a sex toy made to replicate the look, feel, and characteristics of a human body.",0.74306124,0.54574203,0.943203,0.53601295,0.5274966,0.29249313,0.5980014916666666
"That damn hunter should have pulled the trigger on that stupid ass deer and let it go before it got her in the back, she said.Tracy said he will be getting a new gun and",0.9480856,0.8416842,0.9272081,0.88189435,0.93690646,0.43452418,0.828383815
",@AnnCoulter This is his son being buried you freaking lowlife white trash,"" she tweeted.Soros, a Hungarian immigrant who has donated hundreds of millions of dollars to political causes, is one of the sharpest critics of Trump.",0.8584229,0.71896756,0.14958392,0.28630063,0.7282726,0.8632592,0.600801135
"Elvis, was a hero to most, but he never meant shit to me, you see?""""Well, yeah,"" I said. "" I guess.""He nodded. ""I dont know,"" he said. """,0.854784,0.48194486,0.13351023,0.07904446,0.95209366,0.18459354,0.4476617916666666
"He will whip your ass real quick though, and he won't stop until he has you in the corner.He is a big niggas with big muscles and a nice booty.You",0.93283045,0.89362836,0.97458434,0.87224895,0.93690646,0.9047819,0.9191634099999999
Probably thinking something as simple as no shit or why the fuck would you do that?;,0.95891887,0.8066361,0.5530684,0.2378141,0.97753716,0.23372358,0.6279497016666667
"Shit, if you are serious at all about the video game fuckboy, you must be a girl. I can just hear the feminist-whine right now, but, I am just sayin.",0.901806,0.7639813,0.7407407,0.28061727,0.95278454,0.74425304,0.7306971416666667
Lotz of thangs n lyrics ta git tha fuck into tha nuff mackdaddydomz of tha world.,0.88824683,0.7219328,0.7407407,0.1971133,0.93690646,0.42833206,0.652212025
"You hear a single utterance of ""fuck"" or ""pussy, bitch, cunt, cunt.",0.9756456,0.8747821,0.97149086,0.26367548,0.983604,0.56565964,0.7724762799999999
"And you won't even be a good whore because nobody wants to fuck with you.""I had never heard of",0.9701251,0.86727035,0.97149086,0.24627462,0.98340124,0.4006365,0.739866445
"If yes, fuck you up in a heartbeat.If no, youve done a great job, and Im sure that you are",0.90980756,0.74477667,0.5920144,0.4835333,0.9559142,0.24483812,0.655147375
"He said, 'Seventeen years I've been waiting to knock the shit-kicker out of a fucking nigger,"" he says.As for what his life will be like when he gets back,",0.9560823,0.8486256,0.4322638,0.5572499,0.96887034,0.9539074,0.7861665566666667
"Because that bitch knows that the only times youre going to talk about that, are if youre trying to fuck with me, or if youre being ignorant. I just dont care.",0.9480856,0.80812365,0.8926203,0.28627023,0.9564635,0.48532325,0.7294810883333334
"my mom is talking about assassinate donald trump. watch out guy my white nationalist grandmother is on the phone.Its so crazy with this country right now,"" she said. ""Its like the only people who are getting what you are saying are people who",0.5549189,0.27393714,0.09380361,0.6107375,0.15622978,0.42183128,0.35190970166666674
"fcucking mad hatter tea party i get it youre the fucking cheshire cat jasprose you do what the hell with my tea?""",0.95004493,0.9027938,0.83244914,0.5336364,0.9558275,0.48924387,0.7773326066666666
"His attackers laugh and shout ""f*ck Donald Trump"" and call them ""lefties,"" according to a statement by the city.Police said the attackers yelled they were going to kill Trump.",0.8737218,0.75872123,0.5458106,0.8908898,0.876051,0.4078306,0.7255041716666667
"Dubbed Liquid ASS, it smells as expected: butt crack, dirty feet, and vanilla.Its a very basic ass shake, but it does good. I like it. I think its a great flavor.",0.83244014,0.64784265,0.93873084,0.27324745,0.87850326,0.22078647,0.631925135
"Trump vulgarly describing how he liked to grab women by the genitals in a video that surfaced on Saturday, Mr Trump offered a furious defence on television Monday night, calling the accusations ""totally false, 100 per cent, false"". He said he was",0.794439,0.5729047,0.9385145,0.24382728,0.61244905,0.39688495,0.5931699133333334
"Do these SHITLORDS not realize theyRE getting fucked in front of their faces?"" he said.",0.959116,0.795056,0.848262,0.3428743,0.98340124,0.42234495,0.7251757483333333
"The module encouraged secondary school pupils to learn how to kiss, masturbate, touch the breasts and buttocks of their female classmates, as well as how to get a feel for what it feels like to have an orgasm, in an attempt to normalise sexuality",0.7787053,0.5454539,0.97354245,0.21654855,0.7487843,0.31479937,0.596305645
Men BUILT this fucking civilization and were going to fucking need their help.Were going to need their help,0.9295612,0.8023181,0.63728833,0.38547325,0.9559142,0.591514,0.7170115133333334
"Because what the fuck kind of backwards hick-punks give a shit who wins?""""I dont know,"" I said. """,0.9326123,0.7846321,0.54880923,0.22196072,0.9581239,0.5863057,0.6720739916666667
"And Obama, rightly, looks like a man with a pole shoved so far into his face (and down his throat) that its making it hard to breathe for a while! Thats not a joke, but it really, actually hurts. I",0.4746143,0.31698486,0.32714185,0.61918473,0.1764916,0.23932898,0.35895772
"We have a nice thing going here, and if you fuck with that were going to have a lot to talk about,"" she said.""We dont want to talk about the fact that you werent here when its hot,"" he said. ""But",0.882442,0.62685794,0.8777541,0.24966466,0.94760036,0.20873362,0.6321754466666666
"Post shot back, saying ""bruh it sucks youre so ignorant I used to like your company.""I responded, ""Im not ignorant",0.8606264,0.5895174,0.37945706,0.5059237,0.69309914,0.12938337,0.5263345116666667
"Apart from its pretty damn impressive ability to make other penis-toting little men seem like total twits, the real selling point is the amount of sexual release that washes over your body.It all starts with the first stroke and the second with",0.79411316,0.5239392,0.94546723,0.2224106,0.8052676,0.24238808,0.5889309783333333
Amelia Earhart wouldn't give a fuck Amelia Earhart wouldnt give a fuck Amelia Earhart wouldn't give a fuck,0.96101856,0.80814576,0.7407407,0.13785347,0.98340124,0.3121969,0.657226105
"Malik looked over at us at one point and said 'I'm gonn get this , so he was pretty cool.In case you dont know the lyrics, check out",0.09963977,0.052354418,0.07278037,0.11363134,0.07748331,0.06816169,0.08067514966666665
"I will then quit this goddamn nightmare job, and never take another job ever again, but i dont know how long its gonna take me to get over this.""He added: ""I dont even want to talk about it right now,""",0.6297993,0.41218787,0.1463999,0.24837811,0.783563,0.17244142,0.3987949333333334
"But I'll be the bearer of bad news: your squat sucks, and theres not much you can do about it other than try to gain back weight as soon as you can.",0.8355208,0.64612865,0.35582173,0.22908908,0.8052676,0.38886502,0.5434488133333333
"John Rocker wants you to give a shit, and he wants you to do it like an American. And at a",0.9156528,0.67963445,0.11666719,0.11898219,0.9559142,0.5713578,0.5597014383333334
"Somalians are some of the dumbest and most anti- American people youll ever meet.The one thing that wasnt bad was this: the food isnt bad either. If you ask me, it was a great meal",0.7093121,0.40496185,0.0837437,0.19739866,0.42821875,0.658894,0.41375484333333334
"He bought a house in nineteen-motherfuckin'-sixty-eight, and the motherfuckin motherfuckin fuckin bitch, he says, is",0.9844662,0.93751276,0.7407407,0.2794119,0.98561466,0.58523935,0.7521642616666666
"I'm so fucking sorry disabled people interfere with our rights, all they want is to be able to live on their own and work independently and cant take the bullshit that other people take.""""Im so sorry"" says one of the disabled people.",0.7963598,0.6097195,0.25424471,0.33371267,0.93690646,0.8008965,0.6219732733333333
"#MartinShkreli getting what looked like dog poop thrown at his face after someone yelled ""You piece of s***s!"" at his commencement speech at Rutgers University yesterday -- a video of which was re-tweeted more than 20",0.8606264,0.78189766,0.53335434,0.49515507,0.85967475,0.23528294,0.6276651933333334
"I swear [to] God I will cut you into pieces We are coming for you, you pig, you pig, you pig.""The video, with an Arabic caption, was posted on social media by ISIS supporters, Reuters and",0.8641035,0.8460377,0.2464391,0.92843693,0.72946596,0.8422688,0.7427919983333333
"We didn't even really wanna fight, because war is crazy and we dont want",0.2747233,0.1147622,0.102774665,0.27725127,0.21266209,0.14723094,0.18823407749999999
"LePage's widely circulated verbal attack, in which he called Democratic State Representative Drew Gattine a little son-of- a-bitch.",0.8142084,0.64929634,0.49724936,0.5043783,0.86768943,0.55367047,0.6477487166666667
"The nigga did serve a nigga in the crowd at his show wit the 1-900 number, but he told me he was just a spectator.""He says, ""I dont know what happened. I have",0.8355208,0.72433436,0.1860324,0.16634846,0.81440365,0.92455935,0.60853317
"How god damn stupid do you have to be a white guy who dont know how to get a black girl to like you?"" he asked.""Im white,"" I said,",0.9003162,0.71380264,0.29964954,0.262331,0.91128254,0.8632592,0.6584401866666667
"Noels out of the fucking country werent we all love get on a fucking plane to go see a show?The problem with that though, is that theyre not the same shows from one venue to the next. Like,",0.880595,0.7578275,0.5683706,0.31352612,0.93690646,0.5316188,0.6648074133333333
"What they're saying is, 'Hello rapist, if you want to attack again, we will come and defend you. I can guarantee you that. We were in France, we were in Germany, we",0.6628086,0.48782253,0.83304065,0.76113045,0.43781194,0.54845613,0.62184505
"Ill pray for your desolate life""Anti: ""You r*tard.""You: "" I have heard this before,"" you say, looking away",0.7448819,0.6116309,0.33067086,0.4171017,0.7282411,0.31207106,0.5240995866666667
"It's nipples, after all, that give balance to that chest-you'll notice the difference between a real breast and an unreal one.You wont have a problem getting used to it, and the first few times, it will",0.82085186,0.43478984,0.98568004,0.15668976,0.7437245,0.13840765,0.5466906083333333
"First of all, you should be fucking honoredas shit to be a fat girl at a sorority house, but theres more.",0.94954294,0.8006855,0.4897055,0.26798964,0.96887034,0.66764235,0.6907393783333333
"You've got to be a complete idiot,"" he says. ""You cant just go on Twitter and start fucking talking about shit that I dont even know.""",0.9728696,0.80814576,0.38346514,0.2592629,0.97353077,0.337603,0.6224795283333333
"1. Has anyone, male or female, ever put fingers or objects in there? (I dont mean fingers but) If so, how many did you do and how often did it happen? (I dont mean",0.15638882,0.069243364,0.12846838,0.1719862,0.08167551,0.26471037,0.14541210733333332
"So fellas, stop being yourselves, stop being assholes  and  get the f*** over it, because its not going to",0.9789842,0.88055354,0.7407407,0.26501983,0.9788025,0.33717784,0.6968797683333333
"Bitch, you waking around with this blonde long ass hair in your face Ive told you already, but its going to take more than that to get you back to where you were before, so just keep working on the little things and youll",0.9480856,0.8486256,0.97149086,0.5070137,0.95300287,0.47952387,0.7846237500000001
"Normand began to read off more hateful comments, but once he got to you assed mother fucking faggot, the teacher and the student got in a fight, and then someone else",0.94992846,0.89362836,0.7893632,0.55683243,0.9606445,0.8422688,0.8321109583333334
"like, ""Fuck you, Democrats"" or ""Fuck you, Republicans"" or ""Fuck you, Donald Trump.""He said that the Republican Party was ""no longer the party of the people.""""Donald Trump is",0.8968143,0.7647645,0.3505031,0.22908735,0.9559142,0.58523935,0.6303871333333334
THEN WHY THE HELL DO WHITE PEOPLE STILL ASSUME THAT A LONE BLACK MAN IS GONNA KILL THEM IN THEIR HOUSE WHEN IT'S ALWAYS A FRESH DAY WHEN A BLACK MAN 'S GOING IN!,0.88920045,0.8486256,0.19356288,0.9610574,0.6989357,0.92455935,0.7526568966666667
"What the fuck were you thinking getting out there on stage with a fucking guitar?"" ""I was just trying to make a good impression,"" I said. """,0.933218,0.7638559,0.56671584,0.24615072,0.97416514,0.23244584,0.6194252400000001
"They don't give a shit about you  it's all about the fucking money, they say.",0.959208,0.70226,0.20018165,0.07856439,0.98464257,0.2985305,0.537231185
This blog isn't for white people and their white tears so stop wasting your and more importantly my time with this all you white girls are doing. You need a white guy or girl with you.,0.5530002,0.30627918,0.23381636,0.10431758,0.1851455,0.74615085,0.354784945
"The third reads: Hi you fucking filthy jews, I just wanted to say you suck, because youre bad and I hate you for",0.9811075,0.91905266,0.7407407,0.51456857,0.9750864,0.96805567,0.8497685833333334
"You groped her bottom, squeezing her breast, and tried to finger her anus, she said.She reported the incident to the Department of Justice on July 7",0.8794483,0.7273858,0.97458434,0.44535834,0.8496755,0.24358334,0.6866726033333334
"This is for the national anthem, you pieces of shit,",0.9670842,0.78951526,0.12712188,0.16765267,0.98340124,0.46898216,0.5839595683333333
"then they drove back, wtf that is so crazy, you cant just leave someone out there in the middle of the night,"" he said.He added: ""They had a camera and they took a picture of the face.""He added: """,0.5534317,0.32450765,0.20642635,0.18275617,0.6222302,0.13077836,0.336688405
"She eventually wakes him up so he will change the shitty music on and then he tries to have sex with her, but she pulls back so he wont try again, and it is then that he realizes",0.8785311,0.717639,0.93957853,0.35103124,0.90682036,0.30362785,0.6828713466666666
"Male bat bugs never use the vagina, instead piercing the females abdomen and injecting the fluid into her body. The bug injects one to three fluids into the female, depending on the quantity of food and",0.8060606,0.5508569,0.97149086,0.4791,0.77844423,0.48722997,0.6788637599999999
"I am going to fuck your girlfriend because you fed her a load of cum, thats why youre here,"" you say.She doesnt seem to care.",0.9566052,0.89362836,0.97620124,0.7486381,0.96046424,0.49031362,0.8376417933333333
"She continued: The woman began calling me a 'bitch, a slut, an ",0.88824683,0.7497834,0.7407407,0.15126215,0.9304168,0.5640901,0.6707566633333334
"One of the gimmick account's owners tweeted that @fuckeveryword was being investigated for tweeting fuck jews, jewess, jewish  Jewish people and #Israel.Twitter users were",0.8875288,0.80814576,0.59424365,0.40131745,0.9278729,0.92455935,0.757277985
"Oh, you fucking know, those shit-eating teenagers gonna be like, ""What the fuck was that?"" It was, man, it was a funny scene.It definitely was, dude. When that happened, I was like, Who",0.9480856,0.7640138,0.5205115,0.20003648,0.98340124,0.28148052,0.6162548566666667
"At Digg I was called a damn fool, dumbass (for my work), and lazy bum ( by some douche who",0.95022756,0.8416842,0.62774795,0.2831065,0.95491314,0.4028597,0.6767565083333333
"Well he also had four dicksIf you took off his bootYoud see the dicks growing off his feetI heard that motherfucker had four dicks, and I thought it was bullshit,",0.95925045,0.90896845,0.97149086,0.45196626,0.96351486,0.50330114,0.7930820033333333
"Then sit on your fucking hands while they use it  you cant do anything about it, youve got no control,"" he said.He added: ""Its just such a ****** mess,"" Mr Smith, who is now engaged, said",0.923594,0.8476303,0.7407407,0.33731133,0.9384342,0.30058542,0.6813826583333333
"(Big Ass Giant Fucking Swords, Hell Yeah Bro!!) a little bitch",0.97934616,0.9093499,0.94361645,0.39523873,0.98340124,0.64364076,0.8090988733333333
"When Thomas was read her Miranda rights by a Monroe Police Department officer, she stated that her boyfriend was a bitch, she was afraid to talk to an officer, and she would not talk to an",0.8561181,0.66572094,0.45221022,0.116503276,0.88992596,0.4446051,0.570847266
"Fuck This is Why You're Fat and Shit My Dad Says and Texts From Last Night and Dealbreakers let's talk about someone giving me shit about my body,",0.9607952,0.85288244,0.69012046,0.33618453,0.9790238,0.3166501,0.6892760883333334
"<BotenAnna> then fuck you [15:46] <bep> ""let me just alienate everyone"" [15:46] <Mittens_> lol [15:46] <bep> lol [15:46]",0.88824683,0.76431465,0.7508012,0.5443457,0.92981887,0.4070918,0.714103175
What most peoplethe normal onescall sexual intercourse or coitus or simply fucking is derisively referred to as sperm,0.9017504,0.7638763,0.97149086,0.4436069,0.89509267,0.41446897,0.73171435
"Not even talkin' to Nicki / Communication is breakin' / I dropped the ball and I know it,"" he said.""I want to be a better leader,"" he added.In an interview with TV One, he",0.08520324,0.03476743,0.12402682,0.09191917,0.06820989,0.043660395,0.0746311575
"F**k your f***ing Constitution, f**k your f**ked up f**ked up Constitution, f**k that Constitution, Im going to make you a Constitution Pamphlet.",0.93232936,0.87427866,0.5753494,0.37586325,0.9395437,0.28188455,0.6632081533333333
"So if you grab a woman by the pussy, you must not give her a shit.",0.95581925,0.8181902,0.98236954,0.564541,0.9692571,0.69101644,0.8301989216666668
"But since he cant, allow me: Dear you little shit, Im sure youre busy with your new iPhone, iPad, or whatever but you could help me get some donations here, and also get your name put into some kind of big",0.8945022,0.68374395,0.11635044,0.24213298,0.929507,0.19941245,0.5109415033333333
"He's a big, bad, ghetto, no-bullshit, in your face, do whatever you want  fucker, and im glad that thats all hes got.",0.94992846,0.8458892,0.7407407,0.3720779,0.95994675,0.60793906,0.7460870116666666
"All of your goals are stupid and youre just making life miserable for yourself. So whats the fuckin deal? I have an idea, lets talk about a better solution,",0.9488974,0.80814576,0.20575756,0.3940269,0.94956446,0.46580654,0.62869977
"Your list is TRASH and YOU DON'T EVEN WANT TO KNOW'  I am done talking about this guy.""""Who do you think he is?""""",0.8606264,0.6435003,0.21421985,0.26372558,0.73257595,0.20750701,0.48702584833333334
"Jay fired back on the song No Hook from his new album American Gangster: Fuck Donald Trump in a Facebook post, writing: No Hook. I made that shit for the niggers, with no",0.9287698,0.8416842,0.4292753,0.3449672,0.93690646,0.93550533,0.7361847149999999
"Snakes and Ladders trains you for a really shitty life: Youre sitting there doing the worst possible thing, but youre not sure what else you can do.""At one point, I was just so fucking bored, I was just sitting there",0.9166992,0.6869901,0.1772471,0.18058431,0.9579653,0.25124025,0.5284543766666666
"Quotable Lyrics""Shirt, shirt by VersaceBitch you better fuck sumnHo, hoes wanna knock meBitch you better fuck sumn",0.94231826,0.8666242,0.9274784,0.71719104,0.9548959,0.49364176,0.8170249266666666
"Unless theyre virgin tears, in which case IMMA kill you; but you should never say no to a good cuckold story.",0.7445023,0.62990403,0.67739123,0.8763936,0.7063404,0.49137154,0.6876505166666668
"Its just about Tony Abbott, the f---ing guy,"" he said.He added: ""Its",0.34904203,0.23095049,0.20871675,0.087862566,0.50899523,0.13236336,0.25298840433333336
"He was also the object of an old school classic: ""I will kick your butt,"" a phrase used to encourage good behavior at Hogwarts School of Witchcraft and Wizardry",0.7451183,0.62976617,0.92006356,0.8662121,0.69309914,0.2143932,0.678108745
"If you can't turn on the sound right now, the guy's soon-to-be-former girlfriend is saying: You liked her fucking picture? she",0.84663373,0.5869326,0.5850953,0.14054066,0.9125915,0.21644254,0.5480393883333333
"I'm already shaking my head and thinking (I am so sick of reading about the ""diverse cast"" and its a complete lie, because its all a lie.)""I have never seen a cast this diverse"" you write",0.2966902,0.070478275,0.043920595,0.066545494,0.103543565,0.085697845,0.11114599566666666
"While watching porno films I saw women getting dick in their ass all the time and they were always beautiful so I thought Im going to try that""He added: ""When I was in the military I was always in the boot camp so",0.92640835,0.7638674,0.9875184,0.33255994,0.9220426,0.43208688,0.7274139283333333
"One message the host received read, Fuck you n***** can't wait to stab your neck, while another said,  You wont be sorry.The group posted several pictures to its Facebook page.",0.9441674,0.85616934,0.6831136,0.9657447,0.93690646,0.40595192,0.79867557
"Its name was later changed from Fucking to Blackstar because people didnt know what to call it. It was a fucking hard song to get ahold of. Its definitely one of my favorite albums from the past decade, and Ive had it on",0.8192909,0.6551372,0.7407407,0.17854983,0.8868394,0.7687675,0.6748875883333333
"When I purchased my first anal dildo, it was the one I was most excited to use. In fact, I used it for 3 weeks.",0.8420767,0.6129117,0.97458434,0.42728543,0.82239854,0.22709341,0.6510583533333334
"""dammit holey look like youre riding solo.""""Im sorry,"" he says again.""Im sorry,"" she says again. She looks down. She looks back up.",0.8215168,0.68323195,0.614761,0.26414776,0.91128254,0.24155593,0.5894159966666667
"And don't you fucking start with that ' you asshole,"" he snapped.""Im not an asshole,"" Harry said, staring at the floor.""""You are?""""Im not sure.""""Im not sure,""",0.9519169,0.8416842,0.84918904,0.2263333,0.9737184,0.37065074,0.7022487633333333
"But some of you, customers that is, are total fucking morons. I dont know what you want from us. You say that you want us to be in game. I dont know what you want from us. I",0.95936334,0.8015084,0.29108614,0.2088658,0.9750864,0.4759225,0.6186387633333332
"What we're talking about is the real low, scum sucking, ego sucking, no self-respecting shit. The stuff that gets you out of bed",0.9623352,0.89362836,0.9009523,0.2727616,0.96887034,0.634871,0.7722364666666666
"Quote mine me all you want, had the father of this child beaten this piece of shit woman so bad she was out of her mind,"" he says.",0.9304761,0.8019489,0.38523707,0.7652219,0.9321717,0.68001455,0.74917837
"I want to destroy your dick, SJ Son whispers, trying not to sound too excited.SJ Son says, You just want me to go away so you can feel better, but ",0.9323581,0.8443515,0.97458434,0.91432226,0.93690646,0.29605198,0.8164291066666666
"Many morons are now expecting some sort of fucking medal just for getting in and playing.Its not happening, because youre all retarded. It is a game, and",0.9587656,0.80814576,0.18791962,0.21243612,0.95626587,0.49106577,0.6024331233333334
"Your cock will be flexing and ready to cum just from your sister fucking your brains out. <moaning> Oh god, I thinkI have an orgasm now. <moaning> Oh my god, I think I have an orgasm now.",0.94941276,0.89362836,0.9863063,0.75982285,0.9400027,0.42872778,0.8263167916666666
"The pamphlets contained phrases like I will rape you with a lamp and I dont care anymore,",0.91772306,0.89362836,0.943203,0.9755639,0.783563,0.54815114,0.8436387433333333
"The cabbie then drives away yelling: *you idiot* why do you think hes got a gun?"" he told the court. The court heard how he repeatedly yelled ""You idiot, you stupid cabbie"" as he drove away",0.9511771,0.754105,0.10124055,0.4983911,0.8052676,0.2284256,0.5564344916666667
"theyre totally the fucking skeksis. i mean, evil, power-hungry, and all you want to be is a badass like those dudes. You want to be like those dudes.You wanna be like those dudes. You want to",0.93232936,0.8486256,0.7407407,0.4687573,0.9492107,0.8008965,0.7900933600000001
"Whores, skunk pussies, buggers, whores again, whore that doesnt know her place, whores and skunks that dont know their place, skunks that dont know where they are, skunks that know",0.9732773,0.9393468,0.97149086,0.43449354,0.96887034,0.7369969,0.8374126233333334
"Their product looks like a dick and is likely to cost you an arm and a leg, but its all worth it because its...",0.9173045,0.76614785,0.93873084,0.38349155,0.9066618,0.3963733,0.7181183066666667
But that's for a reasoncause they're are fucking insane)--------------------Post Extras:,0.8264618,0.6478729,0.35687175,0.22842911,0.9080623,0.47842798,0.5743543066666668
"Yes, after I have annihilated every single girl in the sorority house, Ill have the last laugh.""",0.3175629,0.16856427,0.25696984,0.51616323,0.14717965,0.2614754,0.27798588166666666
"Its your oh so wonderful, hairy, expressionless, sex addict, fagass, put on this world with a small d, fucking, shit, ass smacking, fucking, shit, ass smacking, fucking ass smacking, fucking",0.9814487,0.9393468,0.98236954,0.52064097,0.9849057,0.8520891,0.876800135
This is a response to an actual publicity stunt of a letter puked out by the biggest dickbag on Tumblr:,0.8060606,0.6423957,0.8465496,0.17210844,0.8241641,0.31448156,0.60096
"That's who was a victim here, are a bunch of bigots,"" he said.Police say they were responding to a call of a fight and it wasnt long before those injured were taken to the hospital.""I",0.45760068,0.18088116,0.058456257,0.24256107,0.09387804,0.226217,0.20993236783333336
";-)Everyone who fails to see that Cook is full of hot-pink, butt-wiggly ""I want to fuck that pussy,"" is a pedo. I dont know if hes trying to be ironic or what. I",0.9487705,0.89362836,0.97458434,0.67574495,0.9559142,0.62711847,0.8459601366666667
"Heckler escorted out after person yelled ""go back to your country"" and that the guy was white.""I didnt want to get into",0.5876557,0.47929144,0.28680754,0.49768192,0.5517932,0.7456136,0.5248072333333333
"I am certain you agree that LDS people are a bunch of brainwashed, homophobic, bigoted, bigoted, bigoted, bigoted, bigoted, bigoted, bigoted, bigoted bigoted, bigoted bigoted bigoted big",0.8895989,0.763947,0.39759,0.19612591,0.66116273,0.86215854,0.6284305133333334
"If you want to call me a bitch, call me out on Twitter @slashfemmes, or just stop reading right now and go watch a badass video vid instead!",0.8940941,0.75813305,0.62828004,0.37919012,0.9288212,0.47528934,0.6773013083333334
"I mean, doing that shit while you drink is a lot of fun when youre young, thats why everyone does it, but when youre older it starts to look a lot more like taking drugs or doing some kind of hard thing. """,0.74506277,0.38830242,0.17060493,0.1547084,0.9066618,0.13992614,0.4175444099999999
"Fuck, Last.fm, I just didnt leave you because of my memories, and it was a stupid fucking joke.""It wasnt a joke till I thought it was a joke.",0.94992846,0.79753447,0.39799705,0.15470172,0.98340124,0.23033759,0.5856500883333333
"(She has over 200, bitch!) All he does is sit on his bitter wack ass and judge playerz all day because he doesnt want to talk about the great games he played or the people who helped put him over.""I think we",0.88824683,0.6860711,0.943203,0.28227067,0.9066618,0.27695048,0.6639006466666667
"Im 47 and out of fucks to give anymore.Force me into living a criminal/terrorist life and I wont go back.""""I dont want to be a hero. I want to be a hero to the people.""""I dont want to be",0.8825382,0.80618185,0.91509324,0.71045166,0.92598236,0.5057049,0.790992035
"The song continues: And he's dead, dead Michael Brown / Deadest man in the ghetto / Dead, dead, dead / Dead, dead, dead / Dead, dead, dead / Dead, dead, dead /",0.43115777,0.32133266,0.09245144,0.7812772,0.15905958,0.27461246,0.343315185
"Apparently, Scottie, when Donald Trump says 'pussy grabber , it makes you a sexist? Thats what you guys think?[ 2016.10.12 21:01:45 ] stoltz",0.88398325,0.77912176,0.94010276,0.33049208,0.88689876,0.60816425,0.7381271433333333
"Hudson explained that he was ""masturbating in the shower,"" and that when he got up to go to the bathroom, he heard a",0.8606264,0.5302717,0.98827153,0.16876614,0.8564307,0.13419038,0.5897594749999999
"They also declared, Fuck 'Portlandia,"" followed by a video of the cast members in character.Well be sure to let you guys know how the rest of the night turns out.",0.76817733,0.5471056,0.2537259,0.14571248,0.8868394,0.2705876,0.478691385
"After being handcuffed and placed in a cruiser, Downs reportedly said, I don't give a f*ck [sic]",0.88824683,0.6862202,0.5822107,0.21457885,0.91128254,0.18979096,0.57872168
Morgan proceeds to suck his massive wang and get fucked all over the kitchen. The best part was when she fit his big dick in her mouth all over,0.94992846,0.8699247,0.98236954,0.6414231,0.9557284,0.3900429,0.7982361833333335
"Stranger 04:14 pm im going to shit, this is crazy dude. You know,   ",0.9017641,0.6809203,0.15494998,0.37961975,0.93473345,0.2814224,0.5555683299999999
"If me barf and feathering your moms tits sounds totally preposterous and idiotic to you, I know its not the first time its happened. I know its not",0.91303647,0.75558156,0.93873084,0.5500471,0.876051,0.41676593,0.7417021500000001
"Stupid is not just a big, fat, fucking dick, you fuckin idiots, you stupid, fat idiots. Stupid is not a bad thing.I have",0.9929466,0.96486,0.9213883,0.37063965,0.9923294,0.7357952,0.8296598583333333
"rawdownloadcloneembedreportprint text 3.88 KB Alright you faggots, I don't know why you're still playing this dead game. You can't be serious. The only other way to look at it would be like, """,0.8047877,0.7639586,0.43530473,0.6913596,0.8605089,0.87056065,0.7377466966666666
"But it turned out he didn't give a rats ass about what I was talking about, so I never got to tell them about it.I",0.74449503,0.45867297,0.88983876,0.19979396,0.8294988,0.20081283,0.5538520583333333
"Ok, first of all, how the fuck would Richard Dawkins know if any of the shit he is saying was in any way harmful to any of his followers?",0.93232936,0.6947932,0.49030706,0.19398911,0.9595716,0.27839783,0.5915646933333333
"So FUCK YEAH fat hate is everywhere, its everywhere.""She added: ""Im not anti-fat, Im not anti-thin, Im not anti- skinny, Im not anti",0.8862051,0.7640124,0.62920713,0.25068867,0.9338842,0.6356352,0.6832721166666668
people frightened and scared.This is fucking shit and out of order and to be opposed wherever it occurs. I dont know what is going on.I dont know what is,0.9474393,0.7586461,0.3556852,0.25989828,0.9750864,0.30029836,0.5995089399999999
"let this be a warning, don't fuck with our sons, you will lose them in a heartbeat.""I was like, ""You know what? I think I might",0.85516155,0.65736777,0.8478105,0.61514026,0.9252131,0.39843583,0.7165215016666667
"I'm going to shoot him in the penis right now, if I see him.  >",0.9821163,0.9196157,0.9908025,0.98664886,0.9407368,0.40339923,0.8705532316666665
"The vandals targeted five different buildings on campus, with messages like, Fuck Joshua Martinez,"" and,  Fuck Obama/Black Lives Matter,  and,.",0.2787082,0.21795115,0.32282043,0.07131869,0.56274563,0.074851565,0.2547326108333333
"And that's when Hyacinthe pulled out his gun, said 'I'm going to kill you!",0.89676595,0.80216765,0.15285967,0.986512,0.53749686,0.31436145,0.6150272633333334
"Racist racist racist racist racist racist 50s, racist Southern racist racist racist racist racist racist racist racist racist racist racist racist racist racist racist racist racist racist racist racist racist racist racist racist racist racist racist racist racist racist racist racist racist racist racist racist racist racist",0.85101414,0.7639991,0.0758752,0.08639026,0.5221452,0.86045784,0.5266469566666666
Our friend who owned the car passed away.. and No one wanted a punk ass 16yr old to be driving the car around that was too loud. I dont know what happened. I,0.48877543,0.25853407,0.7407407,0.26572937,0.61039054,0.08848081,0.4087751533333333
"This is getting posted somewhere, and you're gonna look like an ignorant #BlackLivesMatter #BlackLivesMatter # #BlackLivesMatter",0.794439,0.37761194,0.17290904,0.08609387,0.50908864,0.14780022,0.3479904516666667
"Indeed in Sweden the word ""fucking"" is used in a very modern way, as in",0.8355208,0.60800266,0.5534178,0.18011428,0.9559142,0.40280762,0.5892962266666667
"It read Fuck Trump and Fuck You For Voting For Him, and featured a photo of Trump with a fist raised in middle of the white board.",0.8060606,0.6794472,0.5517292,0.5334913,0.876051,0.38202357,0.6381338116666667
"X) received a series of text messages from her attacker, including one that read If I was here right now I would have fucked u/spez. She said she is in a",0.8606264,0.7117337,0.8466817,0.49340641,0.9303762,0.32011887,0.6938238800000001
"Out of the fucking woodwork comes this little privileged white boy with a fucking Tumblr account and I am like, Oh my god, he posted a picture of himself.And then he sent me a message telling me he had",0.8355208,0.6569586,0.48574305,0.30320716,0.91128254,0.6868518,0.6465939916666666
"This involves moving the anus to the appropriate location within the vulva with the fingers, then rubbing the vaginal lips with your fingers.",0.8994804,0.6834141,0.9863063,0.31015578,0.86226,0.22181651,0.6605721816666666
"She cant put her shit on you and demand that you spend all your money and shit for the things she wants when she doesnt want it? I dont think thats what its going to be like,"" he says.In a tweet, he said that",0.88824683,0.6543363,0.181868,0.100468814,0.9464266,0.2695052,0.506808624
"Basically, it says these women are horny as hell, and implies that they dont care what you think of them, since they are",0.7979871,0.6471076,0.8892402,0.29023442,0.69842577,0.7443511,0.6778910316666668
"A young guy looked up from his booze and roared: You're going to f****** die here, I hope you are never seen again.""He added: I hope you were proud ",0.80023116,0.6888383,0.45167696,0.82345974,0.7858103,0.20878065,0.6264661850000001
"Then came the songs eponymous refrain -- ""Fuck the police, fuck the courts, I dont care what you think""/",0.92733115,0.80814576,0.7893632,0.5644212,0.95526576,0.56921136,0.768956405
"What kind of bitch ass piece of shit makes me take your fucking complaint to Twitter? Ive got your back. Ive got everything,"" he said.He said he was angry that someone had taken the time to make the complaint to Twitter, which",0.97453576,0.91941166,0.9389279,0.3370189,0.98340124,0.6350989,0.7980657266666666
My plan for getting that ass was to show up dressed as a girl. (I,0.9156528,0.6125953,0.9908025,0.2215736,0.9349921,0.3081471,0.6639605666666667
"You must have been one hardass son of a bitch to make it this far with the way youre going.""""Well I was, you know, and I knew that I was going to get out of it, just",0.93232936,0.8416842,0.7893632,0.465752,0.94064534,0.43427843,0.7340087550000001
Subir already done fucking told some of y'all but in that instance he wasnt able to really tell who was who. In the end it was actually a big boost for me. He doesnt go by that name on the show but Im,0.8312955,0.66009825,0.482147,0.17184147,0.9246278,0.2943551,0.5607275199999999
"Smith continued, ""f*ck them n*gers b*tchs wat you got to go f*ck them n* niggers, b*tch b*tches n* niggers, niggers n niggers n n niggers",0.9547609,0.91905266,0.778477,0.41132578,0.9531053,0.96805567,0.8307962183333334
"Its a Thursday night and all my mates are off their tits on twitter. I am playing with my dogs and I am just telling them I love them"" he says.He says he",0.7773661,0.4167198,0.957874,0.15478675,0.8052676,0.13224018,0.5407090716666667
Vaginas are like self-cleaning ovens; an octopus's wriggly appendages are filled with enzymes that do the dirty work of digestion.,0.88471705,0.68276477,0.97149086,0.3936282,0.86226,0.4908637,0.7142874300000001
Because the admins don't give a flying fuck what you think. They are like f*cking,0.9614566,0.8416842,0.6308888,0.13111727,0.97532517,0.32384685,0.6440531483333333
'So Fu**in' Sorry To Hear About This Sh*t.I think its a shame that there are so many,0.8772511,0.76039934,0.5147491,0.2758072,0.8773782,0.3364103,0.6069992066666666
I've seen this kind of argument a couple times today and it's just not fucking worth it to saddle generations of gamers with the baggage of some jackass who didn't like the,0.9017232,0.6800343,0.47818065,0.21205355,0.939865,0.20400774,0.5693107399999998
"Diaosi is a meme moniker that translates to penis hair. first used in a petty forum argument (if I'm a white dude, why not give them this shit because you know they want it, it would be funny),",0.92125916,0.7567979,0.97458434,0.26145184,0.9417111,0.74371177,0.7665860183333333
"To me it is all about family, I don't give a shit what the people think,"" he said.He added: ""I dont know what to say,""",0.7626058,0.40748778,0.094669536,0.078305244,0.91128254,0.18823537,0.40709771166666675
"Congratulations, Jesse Watters, youre a disgusting pig as well as being an embarrassment to CNN!@JesseGrayCNN https://twitter.com/i/web/status/1009772977892",0.9018222,0.6576125,0.07343305,0.13489777,0.5090818,0.34265596,0.4365838800000001
"But, what if you look around and find out that, oh shit, there are thousands of people calling you a Nazi for posting this",0.8785311,0.6809665,0.07585253,0.21436375,0.94063926,0.66510695,0.5759100149999999
"Young women in our office have been called bitch, slut, whore,  slut,  whore.",0.948172,0.7742685,0.7407407,0.113599576,0.9559142,0.7498483,0.7137572126666667
"All these bi/het radfems are now whining and trying to make you out to be the bad guy, making you look like the baddie. Its not the case at all.""And, she added: ""I",0.42647097,0.18003805,0.13904926,0.16662952,0.1758034,0.31571364,0.23395080666666668
This is the most annoying fucking thing Ive ever read. Youre constantly telling the reader that its a story. Its not.,0.88824683,0.683251,0.34279245,0.14179818,0.93306404,0.1801482,0.5282167833333334
"On Friday, Trump called these people sons of bitches and accused them of wanting to take away the United States",0.9327511,0.80814576,0.37262014,0.3019294,0.95456934,0.74362177,0.6856062516666667
"Yeah, he is, but not because he has great jokes; it's because he's an amazing person. You need to watch this.He talks about how his life changed when he was younger, what",0.12720421,0.051767185,0.035479434,0.100163765,0.04445813,0.046906505,0.06766320483333334
"Do you love to shit yourself and piss in your pants when a boy fucks you in front of him? Then this is the thread for you! This thread will be for all things boys that are into girls, girls that are into boys",0.9499197,0.8671731,0.97149086,0.7582929,0.953159,0.51571333,0.8359581483333334
"Seweid claimed in a Facebook post that Trump supporters yelled Look, it's a fucking terrorist, and",0.95389014,0.84434485,0.29155627,0.5304462,0.9616299,0.6859488,0.7113026933333334
"Sure.I would go and blame school and senior project or Smash or some other stupid bullshit, but I think the real reason is because I have an overabundance of emotional support. It can be hard to leave the group.""When asked what",0.8072979,0.51904285,0.16307873,0.4398734,0.91128254,0.18097557,0.5035918316666667
"Doesnt negate he is a sexually harassing, race-baiting, fear-mongering, hypocritical asshole,"" she said. ""Donald Trump",0.95895207,0.8486256,0.92006356,0.53919584,0.92678523,0.6512948,0.8074861833333333
"PARTYNEXTDOOR and his crew are some bitch ass niggas. Now tell me that. Tell me what I said now? he said, shaking his head, laughing, and laughing, and laughing, and laughing,",0.94992846,0.87427866,0.943203,0.49430254,0.9493557,0.9399891,0.8585095766666667
"He needs to feel a penis go in and out of her pussy, and the only way I can do that is by rubbing it against her labia majora and minora with my fingers.And I just couldnt do that anymore, it kind",0.93269116,0.79247177,0.9908025,0.3822541,0.93690646,0.26723748,0.7170605783333334
Trump calling a news lady 'dumb as a rock. Trump @ DonaldJTrumpJr @realDonaldTrump @piersmorgan @CNN Trump @ Donald J Trump Jr @,0.8857214,0.5009641,0.19710281,0.11651416,0.6924404,0.39530268,0.46467425833333337
"The only racists here are the piece of shit Black kids who call us niggers all the fucking time,"" he says. ""I dont know how people make",0.95824313,0.877637,0.30034107,0.23549902,0.96125346,0.96805567,0.716838225
"It's also a play on the phrase suck my dick, a line from Star Wars: Episode IV, which has since become a verse, and which is also a reference to this",0.9156528,0.7595942,0.97458434,0.17095818,0.92678523,0.17664456,0.6540365516666667
"I got pissed off and opened my window and shouted back at him: What the fuck were you doing?"" he explained.""I was",0.89927065,0.7193287,0.51862776,0.24929628,0.9504147,0.16471216,0.583608375
"I'm just so fucking sick of these healthist, #healthist,",0.8575156,0.6800915,0.25230175,0.19383378,0.930359,0.30768707,0.5369647833333334
"You loved the shit out of him, and when he was on, he was fucking GOLDEN. He was like",0.9328444,0.76210475,0.46605045,0.22594073,0.9750864,0.2718366,0.6056438883333334
"""He then removed his genitals, placed them on her child, and kissed her on the mouth,"" a police report said.As she tried to stop.Mr. B, who was a janitor, said he",0.80484813,0.5758723,0.9491779,0.74469686,0.63415986,0.24410279,0.65880964
"He brags that because he was a star he could grab [females] by the pussy any time any place"" and ""I dont care where it is.""He says he cant wait to make it happen again.He adds that",0.9017698,0.7161749,0.97458434,0.29969278,0.93690646,0.67862004,0.7512913866666665
"But li'l Milo's only good to the dumb ass that contains him  everyone else needs other people to talk to, and this is the only person the dumb ass can talk to.",0.9156528,0.6813468,0.92006356,0.32577378,0.9066618,0.2615551,0.6685089733333333
"But if she looks like a fucking tone-deaf joke of a woman, and her politics are as boring as her vagina, I dont fault the shit outta her.""In terms of the interview at the end, youre talking about someone",0.9480856,0.80814576,0.97149086,0.3021849,0.9592216,0.6961998,0.7808880866666668
"And bullshit is a dead deer, a dead carpenter, a dead horse, and a dead bird!You fuck the fish, the bird, the horse, and youre done! Its like being in a fucking movie with a million people!",0.94985574,0.885549,0.6832449,0.6135817,0.97126156,0.43664664,0.7566899233333334
"To those who call me a bitch no matter if I win or lose, I have a simple question for you: What have you done to improve the game?I dont know. I dont do that stuff.I",0.7731615,0.4873083,0.35187727,0.10286608,0.9079907,0.2901389,0.4855571250000001
"So I was like I don't have to watch Glen Beck's entire show to know he's full of it,"" he says.",0.10306468,0.033547666,0.066120446,0.088268906,0.06029054,0.057078917,0.06806185916666667
"Its Chris that ugly bald Stickney. There have been rumors going around, some even calling him a rapist as some say he put the man in the hospital after he fell to the ground. But, he says, that is",0.70634866,0.47044253,0.7407407,0.29610366,0.31554428,0.29217204,0.47022531166666665
"There's about twenty drunk people and they start screaming things like Fuck the police, fuck Trump.""According to a police report obtained by",0.90180695,0.76379275,0.7847973,0.49237344,0.93690646,0.5699164,0.7415988833333333
"Lesbians are fat, ugly and cant get a man In a piece at Medium, feminist blogger Roxane Gay argued that,",0.52295035,0.4407501,0.48676652,0.072862156,0.3079797,0.5963646,0.4046122376666667
"Why is it OK for my despicable piece of shit father to get drunk and slap my butt telling me I should loose some of that ?""""Im sorry. I dont know what I was thinking,"" she continued.Reinstein responded: ""This",0.9013873,0.80310625,0.92006356,0.76095587,0.9066618,0.37412658,0.7777168933333334
"In one video clip, LaBeouf can be seen calling the bartender a  You little c***! ",0.794439,0.69711924,0.68284154,0.27226987,0.80447423,0.17293,0.57067898
"However the basic rules of life still apply, don't be an entitled prick. You got to earn it and your got to be willing to put in the hard work. As long as you keep your feet on the ground, you will be",0.53490317,0.34985676,0.4014237,0.40961155,0.5032611,0.11652429,0.385930095
"Of course HOLY SHIT WINDSTORM 2007!!! did manage knock out power at my house, which left me without access to online porn for a week.",0.88446784,0.74663967,0.92006356,0.51114935,0.91128254,0.37110612,0.7241181800000001
"As I'm standing there waiting in line this piece of shit puts his hand in my ass as Im standing there.""""No that was a",0.9597456,0.80814576,0.97458434,0.25223008,0.9750864,0.24420066,0.7023321399999999
"You fucking film yourself doing this shit and then you send us the video,"" she says. ""Im just like, yeah. ""I just hope I can do it again.""",0.94937253,0.80814576,0.3070625,0.2750651,0.97407055,0.26591852,0.5966058266666666
"Fact 915: One method of surgical penis enlargement is to cut the shaft of the penis into two pieces, which are stitched together and the left over flesh is used as graft material to build a new penis.",0.8606264,0.54579306,0.9908025,0.26403362,0.806243,0.20311673,0.6117692183333333
"2. He claimed that Travolta rubbed his legs, touched his private parts, and called him his ""boy"" in a sexual way.",0.74466145,0.5056858,0.95022625,0.40240803,0.509019,0.19560641,0.5512678233333334
Girl sucks huge fat uncut cock: Young gay guys in underwear fucking Are superman cartoon porn pics,0.9659553,0.9195701,0.9900772,0.49025834,0.96156293,0.9425258,0.878324945
"Bitchs out here are whores and if they say their not there just lieing whores and we get called whores for no reason.""""Im from Canada, bitch.""""Im from California,"" I said, laughing. """,0.93232936,0.8152418,0.78273314,0.2771159,0.9382316,0.8008046,0.7577427333333334
The video went viral.Which brings us to these dickhead YouTube videos:,0.83181185,0.64731246,0.68371606,0.3646893,0.8472407,0.27322775,0.6079996866666666
[13:36:25] Gana88 > fucking retard I can sell you a Cyno permit in this region [13:36:33] Gana88 > for this price,0.9349651,0.8424799,0.3967366,0.39402777,0.95248044,0.6521615,0.6954752183333333
"I'd look her right in that fat, ugly face, he said.I thought that was really funny.""""I",0.8374746,0.594815,0.18310261,0.26885086,0.6124472,0.40575346,0.48374062166666665
"My favorite show about assholes in Pennsylvania is back, and Danny Masterson is the center of it.",0.88824683,0.74877715,0.8514414,0.256836,0.91128254,0.31753176,0.6623526133333334
The meatus is located on the glans penis in the,0.8606264,0.60323507,0.99055755,0.12961589,0.8289226,0.13323386,0.591031895
"It was all gone, all that boy shit, all that shit that was popular at the time. It was done, and I was like, Huh?"", he says. ""I heard about the",0.84882975,0.50580704,0.08615909,0.12182402,0.943726,0.18272287,0.4481781283333333
"""Hey, hey, get your finger out of that, you little shit!"" he boomed. He walked off, shaking his finger in my face.""I dont know what to say,"" I mumbled. Then I sat back down.""What was",0.9156528,0.80712575,0.41962582,0.4405062,0.93690646,0.20544948,0.6208777516666667
"For the uninitiated, Thug Kitchens recipes are sold with phrases like ""Dont fuck around with some sorry-ass hipsters who dont even know how to make their own ramen or curry."" And, well, thats just fucking",0.8993515,0.7638311,0.8677596,0.35467485,0.93690646,0.66041964,0.7471571916666666
"As long as we're voting for dumbasses with no' ideas, its not going to be productive,"" he added.He said the",0.8037029,0.537124,0.3909531,0.1549088,0.8052676,0.26056945,0.49208764166666663
"His dirty-talk would always involve my size, meaning he would say things like I love that you have a fat ass, I love your fat ass, he would say as he was stroking my back.I was like,",0.9485443,0.8075563,0.97458434,0.30736735,0.9551537,0.33901373,0.7220366199999999
"I can hear the BC faithful in their shitty little Boston accents vomiting complaints about how they were robbed of this great guy who was a true BC, but that pisses me off.    I didnt even know I wanted to talk about this dude",0.7180194,0.5564374,0.17060083,0.1932095,0.86226,0.23033185,0.4551431633333333
"The messages  which are of a graphic nature  included ""I will bomb the new york twin towers [sic],"" ""Go back to your country,"" and one that read, ""You will be taken care of.""In a statement Tuesday, a",0.46898758,0.35419905,0.09975357,0.8763936,0.14194313,0.25100663,0.36538059333333334
"Indoors is just full of shitty toys and stupid tv show t-shirts and shitty anime and movies and shit. Its kind of like being at a concert but the one thing that really stands out is the music, and thats what Im really fucking",0.9629592,0.8486256,0.4902432,0.24106798,0.9750864,0.58523935,0.6838702883333333
"She loves pussy just as much as she loves cock and you can see her licking, eating and scissoring other girls in the room. She has a great personality and is always ready to have a laugh. She shows off her great natural tits.",0.8829603,0.74813914,0.9738144,0.42320564,0.8868394,0.28682467,0.7002972583333333
I'd like to tweet about your murder you fking c -k f  -k c  -k f  Dr. Paul R.,0.94992846,0.9197861,0.75315654,0.9664865,0.92678523,0.58523935,0.8502303633333335
"But it is goddamn 2017 and yall need to stop talking about ""fake news,"" ""f*cking Russia,"" and the fact that the Trump administration is ""in crisis.""""The presidency, I think, is an intense job,"" he says with",0.88824683,0.6800598,0.21673478,0.12661676,0.9533425,0.4820848,0.5578475783333333
"""I fucking hate how they all respond to him, including nathanias, TB, huk...they all act like they dont know what hes talking about, and thats just not cool.",0.85203874,0.66250676,0.17793664,0.15260473,0.8908572,0.2974555,0.505566595
"After the male has ejaculated, he pulls out, and small barbs on the end of the penis push the",0.78656495,0.52830505,0.97458434,0.30448216,0.7774862,0.2790212,0.6084073166666667
"Feminism is the shit test that MUST be passed, or Western White men will lose their grip on the planet and all our grandchildren will be dead, man. This is because Western White males are evil, stupid, power hungry, ignorant and want",0.93232936,0.8486256,0.24169874,0.7881842,0.91128254,0.9352267,0.7762245233333332
"There are three different options; small penis pendant, large penis pendant, and large or small penis ring.",0.7450305,0.4065392,0.98907936,0.05270555,0.6952299,0.09538848,0.4973288316666667
"""Break a motherfuckers table over the back of his head,"" he said.""It would take a lot of people to stand up and do what he wants,"" he said",0.9340742,0.8416842,0.54617417,0.8763936,0.9519108,0.48327702,0.7722523316666666
tinder I want to have sex with anyone. grindr I want to have sex with anyone with a penis. bang with friends I want to have sex with my friends.,0.95564276,0.8462024,0.99216545,0.71628237,0.9236065,0.39465967,0.8047598583333334
"My cock is achingly hard, and in that moment I feel like a god.""Its like I want to shout,""Oh my god,!""",0.8785311,0.6615906,0.9900772,0.22086288,0.9066618,0.24688622,0.6507683
"She claims Doe forcefully kissed her even after she told him she didnt want to, forced his hand down her pants and on to her breasts, and pulled her hair.""At the same time he was grabbing me and pulling on me and",0.7686081,0.47731835,0.9697114,0.46057072,0.69265366,0.14831308,0.586195885
"Yet, I would say that my judo experience fucking ECLIPSES anything this retard with a white belt, but that would be like saying that a black belt teaches how to kick.""I would say that",0.80116886,0.66898525,0.43701044,0.643744,0.876051,0.6233257,0.6750475416666667
"Unfortunately for us, but fortunately for you fuckwads about to try and argue, what youre actually saying is that this will help, because ""I want to get my shit over with and I want to",0.94402057,0.80373466,0.6829378,0.33265296,0.96887034,0.26573974,0.6663260116666666
"Sure, I bitch about the fucktards in my little subreddit but... I really dont care what people say here about me.""So heres a little something for you",0.8331202,0.6440382,0.56832665,0.20876414,0.9082805,0.3701587,0.5887813983333333
"Warning: Men, this involves a penis that is not an a**hole, and I dont think thats a bad thing at all, at all, at all, at all.",0.89316434,0.6282355,0.97458434,0.12534483,0.8945335,0.23762147,0.6255806633333333
"Even if she doesn't have a golden pussy, if a girl is nice to your friends, you know she has a nice personality. If she smiles in front of you, you know you have a nice friend in the world.",0.8785602,0.58699524,0.97458434,0.17644294,0.92618775,0.26236597,0.6341894066666666
"Dear bisexuals, biphobes, pansexuals, sex positive individuals, and sex negative individuals.",0.121296346,0.11059545,0.86021346,0.09384927,0.11817429,0.11069333,0.23580369099999998
"When Morgan turned them down, they retaliated by calling her names like ""fat ho, lesbian b**ch, slag, b****"" and telling her she was a slut. She said: I was like, I dont know what to say",0.9326552,0.87427866,0.7893632,0.21485955,0.9530955,0.89617175,0.77673731
"She said he then took his penis out of his trousers and pulled down his underwear so she could see it.She said she screamed that she was being abused, but he shouted back, "" f***ing shut up,"" she said.She added that",0.9480856,0.8416842,0.98236954,0.5021283,0.93690646,0.2776223,0.7481327333333333
"He told Daily Mail Australia: I was saying youre an embarrassment. I was actually asking, are you",0.5782241,0.29467472,0.1961311,0.17185113,0.31054422,0.3948798,0.3243841783333334
"What was she wearing?), slut shaming (Does she have a name? ) and some dumb questions like, Does she have any tattoos? (No, not",0.82247853,0.5496227,0.48280063,0.10722837,0.83959496,0.2878964,0.5149369316666668
"I'm not expecting you to know how to salsa, but rubbing your dick between your legs really takes the edge off. <3<3<3<3<3<3<3<3I think Ive cum too",0.93232936,0.8416842,0.98236954,0.41534078,0.90869546,0.23386021,0.7190465916666667
"""Hes not leading shit, hes not calling people names,"" he said.Pierce called Trump ""a blowhard.""""He is",0.92348933,0.64669245,0.19042829,0.07852587,0.9527825,0.3913084,0.5305378066666666
WHY YOU GOT THAT SHIT IT DOESNT LOOK GOOD!!!!!!! WHAT THE HECK                                ,0.9591711,0.8628545,0.21082525,0.41850647,0.9459578,0.4050669,0.6337303366666667
"He called the airport cops No shit, I was just trying to get home.""After a few seconds of the guy going blank, she tried again, but",0.69542736,0.3811102,0.13977155,0.1678253,0.8851846,0.24867968,0.4196664483333334
"If your going to nerf a fucking item NERF THAT FUCKING ITEM, its going to be a fucking pain in the butt. If you nerf an item thats just good, its going to be an awesome thing.",0.94848996,0.8517188,0.9642157,0.765232,0.96887034,0.4217016,0.8200380666666668
Slouched over all fucking South Park episodes were a lot of people who were either making fun of the show or being racist/sexist against the show. This episode gave people the opportunity to say,0.77554256,0.6105678,0.62826514,0.21046114,0.876051,0.69001794,0.6318175966666667
"All of you who are into drugs, you sons of bitches, you bitches who are into bitches, you bitches who are into bitches, you bitches who are into bitches, you bitches who are into bit",0.9902662,0.9393468,0.517949,0.2735634,0.9885894,0.82296264,0.7554462399999999
"You feel like a piece of s**t, none of your friends like you, your mom gets mad at you for wearing that s**t"", he says. He has been a member of the band since he was 14.",0.84907556,0.76916814,0.68371606,0.20660728,0.8538516,0.30745256,0.6116452
How would you feel if you were a girl/guy and while you were licking some guys sausage you get a nasty surprise of a,0.776797,0.55199707,0.92006356,0.37309843,0.72893584,0.39523277,0.6243541116666665
"The only response I have for you is you're being a c*nt, you know how to take care of business, or you dont want to come to the table",0.87316316,0.67328316,0.56707436,0.2062733,0.8753905,0.31224042,0.5845708166666667
I tell them I don't give a damn what they think.,0.69542736,0.3524944,0.07892899,0.2102189,0.83980286,0.31113127,0.4146672966666667
"Soldier # 2: you son of bitches, thats what im saying! [02/01/2015, 5:01:01 AM] Athena Hollow: jesus he didnt even know how to use the f-bomb [02",0.94992846,0.8893329,0.41177773,0.708296,0.9609256,0.75212044,0.7787301883333333
"She then goes onto scream F*** white privilege! You are oppressing me!""In the end, her rant was met with applause",0.794439,0.7041334,0.58117217,0.46545202,0.8231603,0.7335956,0.6836587483333333
"Hold the tip of the condom and unroll it onto the erect penis, leaving space at the end of the condom to fit into a condom storage bag or storage drawer.",0.46364716,0.23088336,0.98236954,0.04547073,0.50899726,0.034225084,0.3775988556666667
"She then adds: I'm literally grabbing my dick as you talk to me. ""They were going nuts,"" he says. ""I got a picture of it on Twitter.I",0.88824683,0.6495263,0.97458434,0.21926999,0.91128254,0.16259082,0.6342501366666667
"If you're dumb enough to let me tattoo you,you have a dumb ass, dumb ass tattoo."" I laughed, and he laughed back.""Oh my gosh,"" he said with a smile.""Its a great tattoo,"" I",0.95575017,0.80814576,0.93873084,0.37740764,0.92678523,0.29296416,0.7166306333333333
"The rapper told Trump supporters, f**ing shut your mouth, go out and vote,"" he said.Trump has previously responded to the comments on Twitter",0.8785311,0.76384926,0.6836115,0.22240953,0.876051,0.21464114,0.6065155883333334
"Yes and fuck you donald trump  fuck u, u racist, u sexist, u xenophobe, u Islamophobe, u Nazi, u xenophobe, u xenophobe, u xenophobe, u xenoph",0.9791089,0.94125,0.943203,0.6582427,0.98340124,0.92455935,0.9049608650000001
Why would u do this to me man boobs and penis on display why bleeeee why u do it Mei Wen Ti and fuck all the,0.9497894,0.8416842,0.9863063,0.4939528,0.93690646,0.34860736,0.7595410866666668
"When a woman got the last seat that this man wanted, he starts yelling Sit down,Sit down,Sit down, Sit down, Sit down, Sit down, Sit down, Sit down, Sit down, Sit down, Sit down",0.43191102,0.2064437,0.37124097,0.30435368,0.23008417,0.42980233,0.32897264499999995
"I want to scream that America has fucked me over, but I think its more important to have a conversation with each other about what is actually happening in our country. ""I dont know if I want to talk about all the bad shit that has happened",0.92151296,0.75995845,0.9271473,0.30310416,0.9613576,0.6607937,0.755645695
"With nothing better to do, the group decided to masturbate their dried-out sin zones (",0.8606264,0.5956979,0.9790796,0.19623582,0.7532383,0.298337,0.61386917
"Dear Bitch, began the note, which was later censored.",0.83406115,0.61635894,0.5722255,0.16266152,0.8868394,0.20097192,0.5455197383333333
We usually end up with me on top of him/,0.14861543,0.089031026,0.26838836,0.3965323,0.1334704,0.094377354,0.18840247833333332
"Great Grandpa fondles his penis while watching Jeopardy and tells ~5-year-old me to say ""Lola."" I am in bed with him when I feel this strong sensation on my leg. I start running to the bathroom",0.8910313,0.7319925,0.9843251,0.5234199,0.86226,0.41849697,0.735254295
"Because it takes place in fucking Detroit, people will think you are talking shit when in reality it isnt""I dont think people know what an event here is.""""Im not really sure,""""Im not sure,""",0.9156528,0.6826626,0.36274976,0.11034305,0.9628035,0.3893539,0.5705942683333335
"The men started swearing at me, called me, screamed, I dont know what you were doing"" he said. ""I",0.2673701,0.11730046,0.12301132,0.25844544,0.14755972,0.3022816,0.20266144
"EDIT)WHO THE HELL KEEPS PUTTING MY FUCKING NAME IN PAGES THAT DONT EVEN HAVE MY PICTURE, BITCH?I just had a little bit of the fuck it, and thats why its here.H",0.96216446,0.89362836,0.9274784,0.6121996,0.97406083,0.56579876,0.8225550683333333
"At the last conceivable moment, he yelled, Crazy bitch, Im gonna kill her!""He added that he punched her in the face, causing her",0.951307,0.89362836,0.43295497,0.986512,0.91128254,0.58523935,0.7934873699999999
"We ask about oral sex, vaginal sex, cocks in the ass, face fucking, pussy eating, ass fucking, and more. We take down your name and email if you want to be told when were doing a show.We",0.9620304,0.89362836,0.9908025,0.54600316,0.96537083,0.34425786,0.783682185
"If it goes one inch further, I'm gonna have to go back here and do something,"" he said. ""It really is a",0.07324444,0.025065465,0.047175497,0.100096636,0.054353423,0.036563322,0.0560831305
"The show that brought you Michaels dick, Jamess ass, Aarons huge dick, and",0.9480856,0.80814576,0.9908025,0.23618242,0.95321107,0.27493316,0.7018934183333334
"yo mommas so fat that when roaches burrow under my momma s house, im like, Whoa fuck, I think my momma has roaches.               ",0.9327132,0.8486256,0.8494624,0.32626334,0.95167136,0.5021561,0.7351486666666666
"Also in the video, they appeared to be saying ""f*ck Trump, f*ck Trump"" and ""f*ck white supremacy"".In a statement, the campus police said: ""We are aware of the video posted on social media,",0.7241085,0.5823412,0.5230375,0.21451044,0.830845,0.65913624,0.58899648
"To keep this shit fair I aint gon mention who the fuck the fuck aint won this shit yet, but Im glad that Im still here.""Its hard not to give him props, no joke, man, but its also hard to not give",0.93232936,0.804307,0.778477,0.3292413,0.9608981,0.4101225,0.7025625433333333
"""[He then] unzipped his pants, pulled out his penis, and",0.94992846,0.73221153,0.9977324,0.28841415,0.9259973,0.2224985,0.6861303900000001
"Were fucking sick of it and so our resolution for 2014 is to go back to basics and create as much content as we can and see what we can find, for as long as we can.I dont know that",0.9194097,0.80427563,0.48989028,0.30654478,0.9559142,0.5632668,0.6732168983333332
"So after this shellacking, my pal John came over last night and beat the shit out of me with his feet. I dont know what the fuck he was talking about.",0.8785311,0.7191422,0.6268038,0.7594908,0.9332033,0.24454626,0.6936195766666665
"oops, scforall still has some hole in it goddamnit, and I want to go back to trying my own damn recipes,"" he says with a chuckle.The company also took a step back on its website with a warning that users with viruses",0.8216178,0.71447396,0.56656003,0.53267944,0.9066618,0.20930518,0.6252163683333333
"Lady Gaga may not have gotten this memo (I have this weird thing that if I sleep with someone they're going to take my f**king credit for their life, but they have a point).It isnt going",0.66737056,0.5161512,0.562957,0.3311764,0.8052676,0.12559718,0.50141999
"A sex toy company created a tiny, orgasm-inducing vibrator for the penis that is capable of delivering eight simultaneous orgasms, New York Magazine reports.",0.648861,0.3357098,0.97458434,0.065639235,0.6222302,0.09656293,0.45726458416666665
"Naturally, I was mortally offended, deeply hurt, and made myself look like an ass. I was so sorry, I said. I did not mean to be disrespectful! I",0.9156528,0.6856785,0.95022625,0.39895743,0.93690646,0.2116969,0.6831863899999999
"By that I don't mean that I want them to boast about how big their cock is,"" he said. """,0.8355208,0.5132762,0.9733226,0.17940554,0.88712233,0.16136962,0.5916695149999999
Wasting time on a vagina who you're going to have to spend a lot of time with.I think im going to have to wait a while to find someone,0.8785311,0.64210194,0.9873715,0.49603832,0.85219085,0.23780635,0.6823400099999999
"You trash me, I'll trash you, you evil cowardly lying slanderous violent pro-Hillary media leakers! #MAGA #ImWithHer,"" he tweeted.He later posted a video of himself reading ""I love you",0.8128533,0.67948157,0.2160003,0.58781296,0.5048569,0.39090356,0.531984765
"You can say gay people are going to hell, or that they make you feel icky, or that you're an embarrassment, or that its",0.91392875,0.78572893,0.37158698,0.5654895,0.7823602,0.9423184,0.7269021266666668
"He likes grabbing women by the pussy and can be very aggressive. He likes the attention so he often calls me a sexy girl.""She added: ""His mother",0.89167804,0.7238759,0.97149086,0.33016035,0.9066618,0.48691678,0.7184639549999998
"She referred to him as a faggot, a sand nigga, and said, I dont even know how to describe to you what this",0.93232936,0.87427866,0.46696094,0.2774236,0.9343178,0.9550838,0.7400656933333334
"As I recall from history 101 the Benjs was a total fucking bro, had sex with a lot of dudes, was into rock n roll and rockabilly. It was really the best of the best.",0.8348459,0.6697255,0.94457746,0.22676003,0.91128254,0.34696007,0.6556919166666667
"EVERYONE. people really wanna be mad at Black people for everything and not talk about this shit. but we had our bad times, and we had our good times, and",0.88824683,0.6816058,0.115351334,0.2585645,0.9293057,0.8622891,0.622560544
"Fuck the fucking cops they ant shit but fucking racist basturds an fucking rich white boys who have black boys in jail for niggas that they cant afford,"" he said.In a statement, the police department said it",0.96635646,0.9314277,0.684385,0.51626754,0.9750864,0.96805567,0.8402631283333334
"I hear lots of comments about my ass, how good it looks in my shorts, and how big it is",0.93504953,0.6222689,0.9908025,0.14889906,0.96138424,0.1135836,0.6286646383333334
"The girl, however, is slut-shamed and told that if she wants to be liked she can lose weight, which is followed by this: I want to see how much you can get on a scale, how much you can lose,",0.7692505,0.6203781,0.67293084,0.38121364,0.80653137,0.5389093,0.631535625
"SHAWN IS A BLACK ANTISEMITE FAGGOT AND YOU ARE A HATEFUL, STUPID PERSON.""It all started after a tweet by @b_sizzle, which read, ""I fucking love @b_",0.9480856,0.91905266,0.579666,0.47342938,0.93807036,0.9352267,0.7989217833333334
"It's because of you little motherfuckers with the internet that we are able to reach so many people.We are so grateful, we love you all! #ImWithBlackGirl @BlackGirlMagic",0.8845179,0.7471125,0.30932826,0.16176751,0.91128254,0.72503114,0.6231733083333333
"they r coming for u dipshit and ur kids  ur days r numbered  u fool nobody  u tool  u suck!I dont care what u do!Im giving u my email and my phone number so u can call, text me,",0.9156528,0.8416842,0.7407407,0.8505243,0.876051,0.4032752,0.7713213666666667
"fucked up a fuck-up in the past, but never like this,"" she says, her voice dripping with sarcasm as she says it. ""It was so much fun.""",0.94992846,0.8416842,0.68371606,0.300035,0.9750864,0.3798992,0.6883915533333332
"He took care of it and shit aint gonna bother me.""He added: I dont know what they think I am doing.""Im not sure what they told them, I",0.7985619,0.46538144,0.12901539,0.21311542,0.91128254,0.19274162,0.4516830516666666
And then I invented it and I go around town fucking flogging it with my momma. I,0.90181994,0.74494827,0.7407407,0.3337898,0.9559182,0.2568144,0.655671885
"Get the f*ck out of here, u/spez.Im a moderator of /r/games and /r/gaming, and I want u",0.90177345,0.7962123,0.6177622,0.24236932,0.934191,0.23308839,0.6208994433333332
"Given the fact that most men love boobs, I'm not entirely sure getting another girl to talk about boobs is a good idea, but she had a great time so I was able to get a few laughs out of it",0.794439,0.40760615,0.97149086,0.26402453,0.783563,0.2652445,0.58106134
"If you fuck with me I'm going to break you, """,0.95875615,0.8432918,0.9466832,0.82345974,0.97420144,0.2576302,0.8006704216666667
"the point of all of this is that its bullshit.i should be able to wear a v neck to school without worrying about who is watching,"" he said.He added that he has",0.86526036,0.6284445,0.16634215,0.48771062,0.94041824,0.10200225,0.5316963533333333
You say all bronies like masturbating to ponies because it gives you an excuse to get out of bed.You say all bronies like masturbating to ponies because it,0.9046628,0.6376815,0.9908025,0.19197157,0.876051,0.13031739,0.6219144600000001
"When he F me good I take his ass to Red Lobster, let him suck me off before he gets the table, then I give him a blowjob and he fucks me good until I am cumming again.""He wasnt the first",0.95460707,0.86523473,0.9908025,0.591814,0.9559142,0.39327392,0.79194107
"Your mind is burnt with the image of us fucking before you, but it doesnt feel real. Thats because its not true, not ever. We never have, never will.""I dont know, Im getting",0.86354345,0.6812069,0.509596,0.35784894,0.92678523,0.19936351,0.589724005
"I'd rather shove red ants up my butt than deal with an ass who doesn't want to do what shes told.""I see",0.9013685,0.6636731,0.97458434,0.18631698,0.9066618,0.15293677,0.6309235816666666
"You can cut your dick off, but you still have a whole body to lose, right?""""Oh, yeah,"" you say, ""Well, if I got the time.""",0.88824683,0.7638044,0.9651972,0.7660191,0.9061555,0.21772026,0.7511905483333333
"""Im not gonna let this fucking go,"" he said, sobbing. ""Im not gonna let this go,""",0.91729504,0.72774684,0.2620713,0.3842348,0.9559142,0.25881717,0.5843465583333334
"We ain't voting for your punk ass, the rapper says in a video released by his label, Young Money Records. He is seen in the video shouting the n-word.""Im not a",0.7685004,0.5892891,0.92006356,0.17220095,0.81589055,0.13709025,0.5671724683333333
"The larger of the two mollusks performs cunnilingus on her, while the smaller one does the same on him.",0.1365474,0.07111955,0.778477,0.050116956,0.19090047,0.016816584,0.20732966000000005
"""Nazi Nazi f*ck Nazi Nazi RACIST Nazi Nazi Nazi racist racist racist racist racist racist racist racist racist racist racist racist racist racist racist racist racist racist racist racist racist racist racist racist racist racist racist racist racist racist racist racist racist racist racist racist",0.94992846,0.9357807,0.69181424,0.32673803,0.9521891,0.9457855,0.8003726716666666
"Yes, that's right, Nickelodeon directs your children to a Twitter account filled with sexist talk of bleached assholes, fat, and t**t. I dont even know how to feel about this. Its not even",0.92409086,0.8416842,0.89871454,0.485688,0.93690646,0.62826526,0.7858915533333334
It is a special designation shared with other tiny penis fans.,0.89145374,0.61010045,0.9846942,0.14931205,0.84178424,0.2185421,0.61598113
"He went so far as to blast her publicly as a dumb bitch, but his anger was not directed at her. Rather, he was accusing her and the company of",0.92040086,0.783727,0.50366265,0.67441165,0.9121384,0.3163596,0.6851166933333332
"I wake up every morning to abusive comments, tweets, and emails about how I'm a slut, prude, or a pr**k. Ive been called slut, slutty, pr**k,",0.9328835,0.8603804,0.92006356,0.24359746,0.9551224,0.6049649,0.75283537
"+1 for having an awesome gif, fuck them if you dont want to talk about it. I just love this shit.""I love this subreddit! Its like the best place on Reddit,"" she said.""Its a great community that doesnt want to",0.9324039,0.7947371,0.7893632,0.43722567,0.9717135,0.4486896,0.7290221616666667
"""Damn your legislation, damn your nationality, damn your fucking republic. Fuck this world for all its good and ill. ""When I turn on the TV, I just want them to be talking about the same thing, the same thing, the same",0.9480856,0.8190163,0.5571396,0.40261108,0.9749658,0.638566,0.7233973966666666
"And he was at the back of the trailer, and justhis penis was in the air,"" she said.So",0.8599954,0.4880257,0.9900772,0.15895924,0.8169849,0.19469127,0.5847889516666667
T he new big thing on the web is all these sites with names like I Hate France And I Am Going Back To Them and I hate niggerity and  I hate,0.91927636,0.8486256,0.50151205,0.67540514,0.8501452,0.9668882,0.7936420916666668
"Sex-positive bros who will insensitively refer to your tits and ass as ""sugar,"" you have no idea how much I want to punch them in the face.""",0.9156528,0.8416842,0.97458434,0.92843693,0.8868394,0.4176877,0.8274808950000002
"I know everyone will suggest that fucking a stripper sucks, but after fucking one in the ass and getting their juices flowing, it is hard not to feel good.",0.97715044,0.87427866,0.9866423,0.33632886,0.983492,0.5723953,0.78838126
"God damn I am sick of getting requests to upload pictures of her face. Its so much better when I just talk about how amazing shes"" she says, and Im just like ""Im sorry, I guess youre right.""She ends up being",0.82641333,0.5742318,0.22513619,0.23757507,0.9066618,0.22483033,0.49914142
"Motherf*cker's gotta have millions sticking out of his a**hole, I think, to do that,"" he said.In a statement, a spokesman for Mr Trump",0.92647517,0.8416842,0.8494624,0.2936617,0.93690646,0.3926394,0.7068048883333332
"He created his viral hit ""The Race"" on the day he made his escape, where he rapped ""Fuck a beat, I was tryna get away"" and ""Im trying to get away"".He has released four full-length albums,",0.6917423,0.53338903,0.627979,0.5688385,0.82749945,0.472197,0.6202742133333333
"I'm talking about a man who eats penis, literally; this book has",0.9357782,0.6420969,0.9977324,0.1783222,0.91128254,0.19088234,0.6426824299999999
"But just make sure you are not a Conservative, as then you risk being called a 'racist bigot' a 'f**king racist bigot'",0.8785311,0.6759088,0.16614175,0.12206615,0.8868394,0.74524564,0.57912214
"'You're an African booty scratcher,' or, 'You stink,' but you dont care.You are an",0.88197696,0.74572295,0.78933316,0.24638306,0.783563,0.86193603,0.7181525266666666
"You know, fuck it, I will just stop playing social and trying be humble artist and just say thank you to everyone I can, and I will probably be a bit of a prick but I think im doing a good job.""He added: """,0.90160966,0.7631503,0.7407407,0.39994678,0.9550917,0.24145924,0.66699973
"Later, on Thursday, HBO's Bill Maher Tweeted, Every asshole who ever chanted ' Bill Maher. You are a great example of why its important to have media outlets like our own @",0.8835524,0.7344704,0.7893632,0.13772012,0.9066618,0.3000017,0.6252949366666667
"That retarded frat game is called "" Limp Biscuit ""... which kind of makes it sound like a funny or funny-looking game. But Its not. Its a really nasty piece of software that does a lot of nasty things. Its not",0.8060606,0.5585036,0.09242898,0.073156,0.75210065,0.39126003,0.4455849766666667
People who don't know shit about any religion and yet act like this is a big deal,0.8355208,0.5598597,0.0896525,0.16545813,0.9066618,0.7162948,0.5455746216666667
"One such motion was a Motion to Kiss My Ass, in which me moved all my asses [punt] and I was like yeah, I want to do that [punts]. That was the first time",0.8606264,0.6531434,0.97149086,0.2998414,0.9066618,0.12710255,0.636477735
3) Penis shaft (admit it: you were wondering what that would look like,0.794439,0.47795156,0.97149086,0.14199154,0.79461974,0.11857863,0.5498452216666666
"He pinches me on the ass a lot, Couric told him, laughing.",0.89071965,0.60615206,0.9863063,0.24794339,0.9282027,0.13721815,0.6327570416666667
"Stone later erased the tweet, alongside a few other hostile tweets, including posts where he called his boss a ""douchebag,"" a ""son of a whore,"" and an ""idiot.""In a statement,",0.9156528,0.7035145,0.57632107,0.2881254,0.86226,0.3430227,0.6148160783333333
Hes an aspie faggot who hates women because he doesnt want to deal with their bullshit and the fact that they dont want to deal with his bullshit. Its the same fucking thing,0.96526784,0.8718122,0.57059646,0.3893486,0.9750864,0.9406303,0.7854569666666666
"F**k you, f**k all you c**ksuckers, you wont change anything.""""I dont care about that,"" I whispered.""No,"" he said, with a sigh. """,0.949883,0.8946281,0.56949884,0.32880673,0.95595163,0.48389807,0.6971110616666668
"If youre working for wages, brothers and sisters, he couldnt give a fuck about you,"" he said.He added: ""When I told my boss he didnt care, he said, ""Well, youve earned it, have a",0.7978356,0.609605,0.37561753,0.10837871,0.91128254,0.15030606,0.4921709066666667
3. Garlic inserted on your vagina like a tampon will easily help with deodorising and killing bacteria.,0.90182656,0.8029857,0.97458434,0.7773057,0.8588533,0.3487326,0.7773813666666668
You search those reviews for ya favorite albums n whatever whateverbut only the most prominent shit will show up.,0.8355208,0.55532885,0.13418087,0.20708025,0.91128254,0.21362521,0.4761697533333333
"Now you God damned old Abolition son of a bitch God damn you I want you to send me God damn you about fifty dollars. I want to make videos on how to do some of these things, but I dont know how much money it will",0.9487158,0.8910833,0.59248525,0.5491352,0.96160865,0.727675,0.7784505333333334
"Also, fuck you for not coming to my rescue with your own money.""The woman continued to argue with him, until she said, ""I am going to go,""",0.9195032,0.77805865,0.8401746,0.5366298,0.95475787,0.42827743,0.7429002583333334
"The graffiti included F**k Trump, and Trump Make America Great Again, according to a press release from",0.6685759,0.441022,0.36795533,0.13657512,0.783563,0.2667572,0.4440747583333334
"Fuck em, fuck em, fuck em, like he said,"" he said.He added: ""Its been a difficult day, just trying to deal with what has happened.""He added: ""There is a lot of concern.""The",0.94992846,0.84831434,0.8565494,0.55523896,0.974477,0.39690837,0.7635694216666667
Not half as busted as your asshole if you can sit on that shit for longer than the 20 seconds it takes for the balls to hit the floor,0.94992846,0.8418044,0.94349617,0.6390797,0.96050185,0.4312959,0.7943510800000001
"The party included rubber penises, penis rings, sexual toys and more",0.882543,0.6160652,0.9908025,0.09307578,0.83474064,0.21641195,0.6056065116666667
"You guys are gun nuts, through and through, because Im in a thread saying ""dont diddle your fucking kids"" and you",0.95706373,0.89434326,0.7610755,0.5920154,0.96104205,0.5556532,0.7868655233333333
"Why don't you come after me you fascist, the #blacklivesmatter movement says. #Blacklivesmatter",0.7079658,0.4409876,0.14012775,0.11544445,0.361002,0.6350989,0.4001044166666667
"It is conservative men, drunk on power, calling women sluts, whores and disgusting animals. That is not American.""It wasnt a",0.9156528,0.83806324,0.8591525,0.29320222,0.91128254,0.87698615,0.7823899083333332
"She then lost her temper and turned on Mr Watfa after the man sped off, calling him a f***ing liar,"" she said.In a statement, Mr Watfa said: I have never",0.8730221,0.71359515,0.5508092,0.25146237,0.8530722,0.19069624,0.5721095433333333
"Yes, a beat master granny and little girls spitting lines such as We're gunna rap about a prez who's a sexist dick and An apology from your guy.",0.8606264,0.7112774,0.95022625,0.4898274,0.876051,0.51670873,0.73411953
"Following a six-minute round of oral and anal sex, Quijada's partner used her finger to rub her partner's butt cheeks against her own genitalia, causing intense pain, Quijada said.Quijada went",0.8945778,0.75970703,0.9861812,0.3995785,0.8470286,0.2604119,0.6912475050000001
"@occupybuf @OpFerguson fuck that I want the nypd charged for terrorizing the public with their idiotic propaganda, not the cops. #NYPDTearDown pic.twitter.com/bQqJwM",0.9480856,0.8070565,0.7407407,0.53534514,0.95553964,0.6137113,0.76674648
"Why is it more appropriate to call someone a shitlord if you dont even know their name?"" he said. ""Its like being called fat, fat-shaming.""""I dont think its",0.8386801,0.6549594,0.2166997,0.16380265,0.8868394,0.4051496,0.527688475
"He's a sleazy, entitled, bigoted, egotistical, morally bankrupted, unintelligent, self-serving, out of touch, power hungry liar and he has the ear of the most corrupt and out of touch people in",0.8468721,0.54135793,0.19844216,0.2857953,0.3471613,0.2945145,0.41902388166666665
"And the woman responds: ""You look like an angry black woman,"" she says.The woman responds, ""We are not an angry black woman,"" she says.The",0.60332215,0.31842035,0.11903421,0.06479959,0.16816717,0.8017261,0.345911595
"Just learn the ancient art of not giving a fuck and say fuck you to that fat, lazy, unlikable, stupid, ungrateful,                    ",0.97888947,0.91905266,0.7884365,0.45172212,0.9750864,0.69380134,0.8011647483333334
"""F*** you, f*** me right here,"" he shouted.""I didnt want to do it,"" he said. """,0.89556617,0.8067619,0.47214466,0.3405026,0.9346274,0.23838389,0.6146644366666668
At one point Haim lashed out at Feldman You let me get fucked around in my life ..raped/,0.94972557,0.84757555,0.97458434,0.87514746,0.9543407,0.37347883,0.829142075
I almost wish I could slap him in the face so he'd realize what a pussy he had become. He would have to deal with,0.9224432,0.80814576,0.9561625,0.91432226,0.9295315,0.24990347,0.7967514483333332
"So, ages ago some fucker broke into my house and stole all of my gold teeth like, well theyre in my mouth and thats not good and thats how that shit happened,"" he says. ""It was a crazy day but its a lot",0.9156528,0.7475124,0.57334703,0.3222864,0.9534088,0.3123952,0.6374337716666666
"""You are a slut, Im going to kill you and Im going to make you sorry,"" he said in a threatening tone.He added: ""You are going to pay a huge price.""""Im not going to",0.96274567,0.9197861,0.56728435,0.986512,0.93552995,0.5826304,0.8257480783333334
